id,old_id,identifier1_type_code,identifier1_type_display,identifier1_type_text,identifier1_system,identifier1_value,identifier2_type_code,identifier2_type_display,identifier2_type_text,identifier2_system,identifier2_value,active,type_coding1_system,type_coding1_code,type_coding1_display,type_coding2_system,type_coding2_code,type_coding2_display,type_text,name,alias1,telecom1_system,telecom1_value,telecom1_use,telecom2_system,telecom2_value,telecom2_use,address1_type,address1_line1,address1_city,address1_state,address1_postalCode,address1_country,address1_text,partOf_reference_type,partOf_reference_id
74ab949d-17ac-3309-83a0-13b4405c66aa,,,,,,,,,,,,,,,,,,,,Fitchburg Outpatient Clinic,,,978-342-9781 Or 978-342-9781,,,,,,881 Main Street,Fitchburg,MA,1420,,,,
e09d4c49-c2ef-3b0f-9a46-3719d9219306,,,,,,,,,,,,,,,,,,,,UMASS MEMORIAL HEALTHALLIANCE CLINTON HOSPITAL INC,,,9784662000,,,,,,60 HOSPITAL RD,LEOMINSTER,MA,14533290,,,,
aa682136-a4df-3942-9f50-e6fcee6c0b73,,,,,,,,,,,,,,,,,,,,SOUTHWOOD AT NORWELL NURSING CTR,,,7819827450,,,,,,501 CORDWAINER DRIVE,NORWELL,MA,20611630,,,,
2936ca90-6594-357d-be14-53fe0ab84dd1,,,,,,,,,,,,,,,,,,,,KINGSBURY PRIMARY CARE PC,,,7815855518,,,,,,11 TREMONT ST,KINGSTON,MA,23641231,,,,
ab701a70-a658-340e-8f69-ee196a7d40c6,,,,,,,,,,,,,,,,,,,,CAREWELL URGENT CARE CENTERS OF MA  PC,,,5086947901,,,,,,484 RTE 134,WORCESTER,MA,16071728,,,,
11ba6a26-59b4-3728-a268-6dc9929962b4,,,,,,,,,,,,,,,,,,,,COURTYARD NURSING CARE CENTER,,,7813915400,,,,,,200 GOVERNORS AVENUE,MEDFORD,MA,21551644,,,,
71472d9b-aa5c-3b49-a5c3-d0eee8859015,,,,,,,,,,,,,,,,,,,,BOURNE FAMILY MEDICINE PC,,,5087430899,,,,,,118 WATERHOUSE RD STE C,BOURNE,MA,25328305,,,,
dcbd0460-9bcf-3e7d-a923-1d22bcc5a9bd,,,,,,,,,,,,,,,,,,,,GENTIVA HEALTH SERVICES,,,4134433525,,,,,,279 DALTON AVENUE  SUITE B,PITTSFIELD,MA,12013500,,,,
fa564970-fde4-332c-91d9-c0747b032d3e,,,,,,,,,,,,,,,,,,,,RIVERBEND OF SOUTH NATICK,,,5086538330,,,,,,34 SOUTH LINCOLN STREET,NATICK,MA,17606049,,,,
1311c44a-85cb-3aea-a143-e5d7892ced8b,,,,,,,,,,,,,,,,,,,,GROVE HILL MEDICAL CENTER PC,,,8602246201,,,,,,300 KENSINGTON AVE,SPRINGFIELD,MA,11071139,,,,
817a1428-2045-3e89-9fa2-ef7d287d6fa5,,,,,,,,,,,,,,,,,,,,GREATER LAWRENCE FAMILY HEALTH CENTER INC,,,9786814769,,,,,,70-71 N PARISH RD,LAWRENCE,MA,1843,,,,
8e3ca57f-6f74-3d61-9803-ab1424290216,,,,,,,,,,,,,,,,,,,,ACADEMY MANOR,,,9784750944,,,,,,89 MORTON STREET,ANDOVER,MA,18102036,,,,
5fcff9db-16e4-3e56-aa78-abbc16338097,,,,,,,,,,,,,,,,,,,,THE LOWELL GENERAL HOSPITAL,,,9789376000,,,,,,295 VARNUM AVE,WESTFORD,MA,18863513,,,,
40c01d75-1542-3e0b-8e5f-78d3031beba1,,,,,,,,,,,,,,,,,,,,PIONEER MEDICAL CENTER,,,9787459449,,,,,,505 PARADISE RD,SALEM,MA,19704267,,,,
93c3d861-e05d-33b9-91eb-1768470229d7,,,,,,,,,,,,,,,,,,,,PAIN AND WELLNESS CENTER,,,9788267230,,,,,,10 CENTENNIAL DR,PEABODY,MA,19607938,,,,
2e1eaaf1-ebb0-332c-8921-f48e15b91879,,,,,,,,,,,,,,,,,,,,ALLIANCE HEALTH AT MARINA BAY,,,6177695100,,,,,,2 SEAPORT DRIVE,QUINCY,MA,21711599,,,,
b99b7849-2b53-33fb-8ce2-e3a95f17ae51,,,,,,,,,,,,,,,,,,,,DIVINE HEALTH LLC,,,5084858080,,,,,,910 BOSTON POST ROAD SUITE 320,MARLBOROUGH,MA,17523761,,,,
f6a306cf-7bd6-35f4-a6b7-2d07d273914c,,,,,,,,,,,,,,,,,,,,APPLE MEDICAL CLINIC MA INC,,,5088611150,,,,,,63 FOUNTAIN ST STE 402,FRAMINGHAM,MA,17026280,,,,
32fcdfba-8c93-30f4-b15b-dd3b65c29deb,,,,,,,,,,,,,,,,,,,,ELAINE CENTER AT HADLEY,,,4135845057,,,,,,20 NORTH MAPLE STREET,HADLEY,MA,10359715,,,,
0ddb0329-b59d-3187-874c-602c649249c8,,,,,,,,,,,,,,,,,,,,BAYSTATE NOBLE HOSPITAL CORPORATION,,,4135682811,,,,,,115 W SILVER ST,WESTFIELD,MA,10853678,,,,
764bf964-6ab7-30eb-885b-3d713ca43265,,,,,,,,,,,,,,,,,,,,OUTER  CAPE HEALTH SERVICES,,,5083493131,,,,,,ROUTE 6   P O BOX 1430,WELLFLEET,MA,26677402,,,,
02c936e2-3aee-38b2-88a4-81f3689b7bb7,,,,,,,,,,,,,,,,,,,,BENJAMIN HEALTHCARE CENTER,,,6177381500,,,,,,120 FISHER AVENUE,BOSTON,MA,21203320,,,,
5f7663da-4b19-3629-b8f2-fb07d75421d9,,,,,,,,,,,,,,,,,,,,ESSEX COUNTY PRIMARY CARE,,,9782338120,,,,,,42 ASBURY ST,SOUTH HAMILTON,MA,19821808,,,,
609ec9f1-e806-3427-b912-9e3b2915521d,,,,,,,,,,,,,,,,,,,,HOLYOKE VISITING NURSE ASSOC,,,4135345691,,,,,,575 BEECH STREET,HOLYOKE,MA,10406604,,,,
bf556284-7513-3620-a10e-5393183a9a87,,,,,,,,,,,,,,,,,,,,STEWARD ST. ANNES HOSPITAL CORPORATION,,,5086745600,,,,,,795 MIDDLE ST,FALL RIVER,MA,27211733,,,,
4ffa4412-1493-3beb-b8f0-6614dde953a4,,,,,,,,,,,,,,,,,,,,SOUTHCOAST HOSPITAL GROUP  INC,,,5086793131,,,,,,363 HIGHLAND AVENUE,WAREHAM,MA,25715011,,,,
ede4a423-6258-3ef5-b5ba-0fa6bb579563,,,,,,,,,,,,,,,,,,,,COMMUNITY HEALTH CONNECTIONS,,,9788788100,,,,,,326 NICHOLS ROAD,FITCHBURG,MA,14205478,,,,
a14e698d-a9ba-3eae-9c8b-682ec726433d,,,,,,,,,,,,,,,,,,,,LYNN URGENT CARE LLC,,,6178939901,,,,,,776 WESTERN AVE,LYNN,MA,19052408,,,,
b6eeaaf7-1683-3bcb-b6ee-81ce304636ef,,,,,,,,,,,,,,,,,,,,MELROSEWAKEFIELD HEALTHCARE  INC,,,7819793050,,,,,,170 GOVERNORS AVE,MELROSE,MA,21763225,,,,
de29a374-221b-3cb4-8051-a02c1a35e5b7,,,,,,,,,,,,,,,,,,,,FAMILY MEDICINE ASSOCIATES OF SOUTH ATTLEBORO  P.C.,,,5087615650,,,,,,562 WASHINGTON ST,SOUTH ATTLEBORO,MA,27036942,,,,
469171e3-f6ec-3258-8e16-7038f6a439c0,,,,,,,,,,,,,,,,,,,,COUNTRYSIDE HEALTH CARE OF MILFORD,,,5084730435,,,,,,COUNTRYSIDE DRIVE,MILFORD,MA,17571252,,,,
6da1fb82-e214-3226-b32c-e93faf0c3764,,,,,,,,,,,,,,,,,,,,BOSTON HOME HEALTH AIDES  LLC,,,6172640200,,,,,,1 UNION STREET,LAWRENCE,MA,18401815,,,,
18061fd5-fda8-3e2d-87f0-0f3c87211bcc,,,,,,,,,,,,,,,,,,,,CAMBRIDGE PUBLIC HEALTH COMMISSION,,,6176651000,,,,,,1493 CAMBRIDGE ST,SOMERVILLE,MA,21431408,,,,
b3ada130-6443-3a8e-98c7-4ec127a2b0c4,,,,,,,,,,,,,,,,,,,,LIFE CARE CENTER OF ACTON,,,9782639101,,,,,,ONE GREAT ROAD,ACTON,MA,17205601,,,,
a36dcb53-a762-38d4-ae84-40f46195a6dd,,,,,,,,,,,,,,,,,,,,260 EASTHAMPTON ROAD OPERATING COMPANY LLC,,,4135389733,,,,,,260 EASTHAMPTON ROAD,HOLYOKE,MA,10401213,,,,
1e11392b-1278-3e70-93cd-f396cbd0c265,,,,,,,,,,,,,,,,,,,,VHS ACQUISITION SUBSIDIARY NUMBER 9  INC.,,,5086507000,,,,,,115 LINCOLN ST,NATICK,MA,17607700,,,,
fe30f2b4-9bc8-346e-afba-4455d1766545,,,,,,,,,,,,,,,,,,,,KATZMAN FAMILY CENTER FOR LIVING,,,6178846766,,,,,,17 LAFAYETTE AVENUE,CHELSEA,MA,21502010,,,,
13161e5b-02d2-3d19-8b48-26ef0becfc83,,,,,,,,,,,,,,,,,,,,LEONARD FLORENCE CENTER FOR LIVING,,,6178870001,,,,,,165 CAPTAIN'S ROW,CHELSEA,MA,21504019,,,,
4bc0cc09-77e5-37f5-844d-64a6637cae54,,,,,,,,,,,,,,,,,,,,WESTERN MASSACHUSETTS HOSPITAL,,,4135624131,,,,,,91 EAST MOUNTAIN ROAD,WESTFIELD,MA,10851801,,,,
0fedae9f-701f-3317-9b2f-69aea2202cdc,,,,,,,,,,,,,,,,,,,,BOSTON MEDICAL CENTER CORPORATION-,,,6176388000,,,,,,88 EAST NEWTON STREET,WINTHROP,MA,21522715,,,,
ccb716b1-277f-3eff-999f-3ac0df45713a,,,,,,,,,,,,,,,,,,,,LAFAYETTE REHABILITATION AND SKILLED NURSING FACILITY  INC.,,,7816314535,,,,,,25 LAFAYETTE ST,MARBLEHEAD,MA,19451939,,,,
733fc7d0-7cf3-3995-82ef-a9883b807273,,,,,,,,,,,,,,,,,,,,NORTH ADAMS COMMONS NURSING & REHABILITATION CENTE,,,4136644041,,,,,,175 FRANKLIN STREET,NORTH ADAMS,MA,12472712,,,,
9ab139f5-d278-31b4-b44e-feffdea65613,,,,,,,,,,,,,,,,,,,,KINDRED AT HOME,,,5088882932,,,,,,88 ROUTE 6A 101,SANDWICH,MA,25631866,,,,
a3327df4-d092-350b-b551-e60c82076c9a,,,,,,,,,,,,,,,,,,,,WEST BROOKFIELD FAMILY PRACTICE,,,5088678977,,,,,,46 NORTH MAIN ST,W BROOKFIELD,MA,15853232,,,,
96e9e829-0b71-3ad3-8b41-60e25b5d47d7,,,,,,,,,,,,,,,,,,,,ADVOCATE HEALTHCARE OF EAST BOSTON LLC,,,6175692100,,,,,,111 ORIENT AVE,EAST BOSTON,MA,21281006,,,,
7a3b8310-02eb-3c47-aa1b-3f55b3ed9de9,,,,,,,,,,,,,,,,,,,,ON CALL URGENT CARE  LLC,,,4135847425,,,,,,6 HATFIELD ST,NORTHAMPTON,MA,10602545,,,,
ecadbc11-930c-3903-b706-f8ef4bc9089e,,,,,,,,,,,,,,,,,,,,PRIMARY CARE ASSOCIATES LLC,,,4137872800,,,,,,780 CHESTNUT ST,SPRINGFIELD,MA,11031109,,,,
980d9bfa-a344-3bff-8c02-232dd0e8fd34,,,,,,,,,,,,,,,,,,,,EDEN HOME HEALTH CARE LLC,,,7812025401,,,,,,100 TRADE CENTER SUITE G-700,WOBURN,MA,18011851,,,,
f480acd0-7ef1-350d-aae6-d8e7d53ace57,,,,,,,,,,,,,,,,,,,,MANET COMMUNITY HEALTH CENTER  INC.,,,6174718683,,,,,,1193 SEA ST,QUINCY,MA,21693544,,,,
794b1cc2-97be-30a4-83a0-4bf6add43c74,,,,,,,,,,,,,,,,,,,,ST JOSEPH MANOR HEALTH CARE INC,,,5085835834,,,,,,215 THATCHER STREET,BROCKTON,MA,23023949,,,,
440fa4b8-c731-3cf5-81d9-aa3f30a37b95,,,,,,,,,,,,,,,,,,,,LAHEY HOSPITAL & MEDICAL CENTER  BURLINGTON,,,7817445100,,,,,,41 & 45 MALL ROAD,PEABODY,MA,19602901,,,,
0fab3c4e-a028-39a6-b15a-be5a88b6aa2a,,,,,,,,,,,,,,,,,,,,ENCOMPASS HEALTH REHAB HOSPITAL OF WESTERN MASS,,,4135897581,,,,,,222 STATE STREET,LUDLOW,MA,10563437,,,,
ce53c877-0290-390a-b4b4-2462001a1713,,,,,,,,,,,,,,,,,,,,CIRCLE HOME,,,9784599343,,,,,,847 ROGERS STREET  SUITE 201,LOWELL,MA,18524345,,,,
57e4e5fa-d68d-3caa-a5ad-37beb1b51207,,,,,,,,,,,,,,,,,,,,STEWARD NORWOOD HOSPITAL INC,,,7812784120,,,,,,800 WASHINGTON ST,NORWOOD,MA,20623487,,,,
b20a0fe1-53b3-33fc-8acb-bc9a2df64e57,,,,,,,,,,,,,,,,,,,,NASHOBA NURSING SERVICE,,,9784256675,,,,,,3 PATTERSON ROAD  SUITE 3,SHIRLEY,MA,14642907,,,,
2befa435-3070-3350-a15c-e43ac1e84b24,,,,,,,,,,,,,,,,,,,,HOLYOKE VISITING NURSE ASSOC & HOSPICE LIFE CARE,,,4135345691,,,,,,575 BEECH STREET,HOLYOKE,MA,10406604,,,,
c92cc255-6778-3307-8092-987d667be4ce,,,,,,,,,,,,,,,,,,,,SALEM FAMILY HEALTH CENTER,,,9785324903,,,,,,89 FOSTER ST,PEABODY,MA,19608925,,,,
b8421363-9807-3b16-a146-95336eea5cfb,,,,,,,,,,,,,,,,,,,,COOLEY DICKINSON HOSPITAL INC,,,4135822000,,,,,,30 LOCUST ST,NORTHAMPTON,MA,10602052,,,,
8424b5ec-ba0a-32e9-94ae-a9d397884093,,,,,,,,,,,,,,,,,,,,GENTLE HOME CARE SERVICES,,,9782588479,,,,,,49 BLANCHARD STREET  SUITE 101,LAWRENCE,MA,18431456,,,,
752c7570-1637-36cf-8b74-03ea3acfa98c,,,,,,,,,,,,,,,,,,,,HILLTOWN COMMUNITY HEALTH CENTERS INC,,,4136670142,,,,,,12 LITTLEVILLE RD,HUNTINGTON,MA,10509761,,,,
65f0254a-73a3-3b06-bced-54d511445535,,,,,,,,,,,,,,,,,,,,ALLIANCE HEALTH AT MARIE ESTHER,,,5084853791,,,,,,720 BOSTON POST ROAD,MARLBOROUGH,MA,17523766,,,,
901c2d40-1ca3-3879-9a20-c663b8adc0a9,,,,,,,,,,,,,,,,,,,,TUFTS MEDICAL CENTER,,,6176365000,,,,,,800 WASHINGTON STREET,STONEHAM,MA,21802445,,,,
6170552c-4d27-3e64-8068-64a380f1837d,,,,,,,,,,,,,,,,,,,,WP ACQUISITION SUB LLC,,,6158616000,,,,,,76 SUMMER ST,HAVERHILL,MA,18305814,,,,
e6cc6043-299a-3581-8f6b-b3b5d62c46ae,,,,,,,,,,,,,,,,,,,,CARING HEALTH CENTER  INC,,,4137391100,,,,,,532 SUMNER AVE,SPRINGFIELD,MA,11082458,,,,
b9e35b8a-9831-32d8-a6dc-d7a546c126b0,,,,,,,,,,,,,,,,,,,,VIBRA HOSPITAL OF WESTERN MASS - CENTRAL CAMPUS,,,4137876700,,,,,,111 HUNTOON MEMORIAL HIGHWAY  1ST FLOOR,SPRINGFIELD,MA,11092550,,,,
22249c0a-8ce9-3726-a3bb-b037c773ce5c,,,,,,,,,,,,,,,,,,,,BOSTONIAN NURSING CARE & REHABILITATION CTR  THE,,,6172652350,,,,,,337 NEPONSET AVENUE,DORCHESTER,MA,21223103,,,,
38508743-50d1-3429-8fe2-37e42ddaf20e,,,,,,,,,,,,,,,,,,,,BAYSTATE FRANKLIN MEDICAL CENTER,,,4137730211,,,,,,164 HIGH ST,GREENFIELD,MA,13012778,,,,
328f813e-4de8-3ec2-a113-43f3ddfb0b2a,,,,,,,,,,,,,,,,,,,,DILIGENCEHEALTHCARE,,,8574539843,,,,,,30-40 WESTPARK STREET,BROCKTON,MA,23015241,,,,
200746fc-5d0f-3ec7-a2a9-3d9a219ee139,,,,,,,,,,,,,,,,,,,,COMPASSIONATE CARE HOSPICE,,,7819355550,,,,,,800 CUMMINGS PARK  SUITE 3100,WOBURN,MA,18016355,,,,
f2068cee-c75c-321d-9b2c-c33535db89c9,,,,,,,,,,,,,,,,,,,,CARING HEALTHCARE SERVICES LLC,,,6172300787,,,,,,32 BOSSI AVE,RANDOLPH,MA,23682002,,,,
655f2a4f-419c-39d3-8ed6-6c4117eb7e32,,,,,,,,,,,,,,,,,,,,NORTH READING INTERNAL MEDICINE PC,,,9782760100,,,,,,21 MAIN ST,NORTH READING,MA,18641326,,,,
5018c664-e283-30eb-932a-529d9a19b3b5,,,,,,,,,,,,,,,,,,,,FIRST PSYCHIATRIC PLANNERS  INC,,,6174690300,,,,,,300 SOUTH ST,WOBURN,MA,18014979,,,,
2e8b42f8-4300-30a9-a576-d513d1021a0a,,,,,,,,,,,,,,,,,,,,GREATER LOWELL FAMILY PRACTICE PC,,,9784538446,,,,,,600 CLARK RD,TEWKSBURY,MA,18761699,,,,
d140ed3f-2696-3e78-bd77-1c959ec4fc4d,,,,,,,,,,,,,,,,,,,,HATHAWAY MANOR EXTENDED CARE,,,5089966763,,,,,,863 HATHAWAY ROAD,NEW BEDFORD,MA,27401916,,,,
1cff30ba-b91f-3ea2-b80b-770d67856358,,,,,,,,,,,,,,,,,,,,ROYAL NURSING CENTER  LLC,,,7743450220,,,,,,359 JONES RD,FALMOUTH,MA,25403341,,,,
d4e48a16-0a60-3e90-81e5-c35b22ffe6af,,,,,,,,,,,,,,,,,,,,GREEN MOUNTAIN URGENT CARE LLC,,,6035264635,,,,,,856 STATE RD,NORTH ADAMS,MA,12473027,,,,
4ff8b164-4cf5-3ab4-b0f2-7ce8fda920e5,,,,,,,,,,,,,,,,,,,,CARDIOVASCULAR CENTER AT TUFTS MEDICAL CENTER INC,,,6176365000,,,,,,800 WASHINGTON ST,WORCESTER,MA,16550002,,,,
bccd7d67-203c-3d93-b6b0-bff5a146cd1d,,,,,,,,,,,,,,,,,,,,CARECENTRAL URGENT CARE MEDICAL GROUP PC,,,7813412800,,,,,,286 WASHINGTON ST,STOUGHTON,MA,20721763,,,,
63cb4d95-04a9-3a35-b5d9-f89e0377a48d,,,,,,,,,,,,,,,,,,,,STURDY MEMORIAL HOSPITAL INC,,,5082368110,,,,,,211 PARK ST,ATTLEBORO,MA,27033143,,,,
20d94399-4f73-3d21-ae87-969155fbd051,,,,,,,,,,,,,,,,,,,,EDGE LIFE HEALTHCARE INC,,,8575245122,,,,,,15 NEW ENGLAND EXECUTIVE PARK,WOBURN,MA,18012192,,,,
263d1b03-1560-3fc3-b93d-c33a0cbd5837,,,,,,,,,,,,,,,,,,,,HOSPICE SERVICES OF MASSACHUSETTS,,,5082910049,,,,,,10 RIVERSIDE DRIVE  STE 201,LAKEVILLE,MA,23471689,,,,
a2a41caf-758f-3962-8e5f-e6e603f93d17,,,,,,,,,,,,,,,,,,,,VIBRA HOSPITAL OF WESTERN MASSACHUSETTS LLC,,,5088926000,,,,,,111 HUNTOON MEMORIAL HWY,ROCHDALE,MA,15421305,,,,
19a65317-5d32-355e-8f82-88933d48366d,,,,,,,,,,,,,,,,,,,,LAKEVILLE FAMILY MEDICINE PC,,,5089476666,,,,,,5 PRECINCT ST,LAKEVILLE,MA,23471468,,,,
844a8cb2-4164-35b2-88b8-dffa2889a738,,,,,,,,,,,,,,,,,,,,CENTER FOR EXTENDED CARE AT AMHERST,,,4132568185,,,,,,150 UNIVERSITY DRIVE,AMHERST,MA,10022232,,,,
bfb9ab7d-7b8a-36c9-ac27-d210a6f6f412,,,,,,,,,,,,,,,,,,,,ROYAL HEALTH GROUP LLC,,,5087595752,,,,,,8 LEWIS POINT ROAD,BUZZARDS BAY,MA,25325613,,,,
9d0e702d-50a0-3f4c-9126-0951d560fd4b,,,,,,,,,,,,,,,,,,,,NEW ENGLAND REHABILITATION SERVICES OF CENTRAL MASSACHUSETTS INC,,,5087916351,,,,,,189 MAY ST,WORCESTER,MA,16024339,,,,
81b1ef2b-8d3c-3923-859d-ae56099e037a,,,,,,,,,,,,,,,,,,,,19 VARNUM STREET OPERATING COMPANY  LLC,,,9784545644,,,,,,19 VARNUM STREET,LOWELL,MA,18502132,,,,
c7542447-e06e-32cb-b6db-243c23a0dbc2,,,,,,,,,,,,,,,,,,,,FRANCISCAN HOSPITAL FOR CHILDREN INC,,,6172543800,,,,,,30 WARREN ST,BOSTON,MA,21353602,,,,
50c47685-8125-3c50-8311-8bd7ba9e9108,,,,,,,,,,,,,,,,,,,,BOSTON MEDICAL CENTER CORPORATION-,,,6173234440,,,,,,4199 WASHINGTON ST,ROSLINDALE,MA,21311733,,,,
aba3e6f6-4562-342e-b90f-dd61b117f394,,,,,,,,,,,,,,,,,,,,MEDICAL EXPRESS URGENT CARE CENTER CO INC,,,4137811100,,,,,,438 CHESTNUT STREET,SPRINGFIELD,MA,11072008,,,,
30547c24-6d41-3a9d-8a21-cc3606224d38,,,,,,,,,,,,,,,,,,,,MILTON HC OPERATING LLC,,,6173330600,,,,,,1200 BRUSH HILL ROAD,MILTON,MA,21862337,,,,
9203d0d2-ca7d-3421-9361-974402ffb561,,,,,,,,,,,,,,,,,,,,HILLTOWN COMMUNITY HEALTH CENTERS INC,,,4132385511,,,,,,58 OLD NORTH RD,WORTHINGTON,MA,10989708,,,,
eee00932-ca82-36bc-b7e8-e3fff6dbaeaa,,,,,,,,,,,,,,,,,,,,DANA FARBER CANCER INSTITUTE,,,6176323000,,,,,,450 BROOKLINE AVE,WEYMOUTH,MA,21893141,,,,
f8918a95-31e8-3ac4-8d12-29ca6080ebda,,,,,,,,,,,,,,,,,,,,BETH ISRAEL DEACONESS HOSPITAL MILTON INC,,,6173131214,,,,,,199 REEDSDALE RD,MILTON,MA,21863926,,,,
ca9ee1b8-abeb-3b62-a017-8839fbe10847,,,,,,,,,,,,,,,,,,,,M I NURSING & RESTORATIVE CENTER,,,9786856321,,,,,,172 LAWRENCE STREET,LAWRENCE,MA,18413849,,,,
0ec04450-c150-322d-b2c3-1449d672a23c,,,,,,,,,,,,,,,,,,,,MANET COMMUNITY HEALTH CENTER  INC.,,,6173763000,,,,,,110 W SQUANTUM ST,NORTH QUINCY,MA,21712122,,,,
3ff0f58b-7a1f-3334-9449-ff15f68b7d86,,,,,,,,,,,,,,,,,,,,BETH ISRAEL DEACONESS HOSPITAL PLYMOUTH INC,,,5087462000,,,,,,275 SANDWICH ST,PLYMOUTH,MA,23607761,,,,
70e3ad4f-b9ff-3f3e-9990-2cd7e23a9d1c,,,,,,,,,,,,,,,,,,,,HEALTH-MD URGENT CARE,,,4135043507,,,,,,1238 RIVERDALE ST,WEST SPRINGFIELD,MA,10894675,,,,
9cfdd210-a2ed-34d6-9381-2f5d999011ca,,,,,,,,,,,,,,,,,,,,HIGHLAND PRIMARY CARE ASSOCIATES INC.,,,9784637770,,,,,,21 HIGHLAND AVE,NEWBURYPORT,MA,19503873,,,,
75846b1f-d0ec-3255-9bdd-d09eb0a9dd0d,,,,,,,,,,,,,,,,,,,,HOLYOKE MEDICAL CENTER INC,,,4135342845,,,,,,575 BEECH ST,HOLYOKE,MA,10402296,,,,
dd280187-8662-3732-af81-595d10572911,,,,,,,,,,,,,,,,,,,,4499 ACUSHNET AVENUE OPERATING COMPANY  LLC,,,5089956900,,,,,,4499 ACUSHNET AVE,NEW BEDFORD,MA,27454707,,,,
a6964d47-8af0-3df2-b99d-d8414eb1cfa3,,,,,,,,,,,,,,,,,,,,ARBOUR-FULLER HOSPITAL,,,5087618500,,,,,,200 MAY ST,SOUTH ATTLEBORO,MA,27035520,,,,
004554b4-3068-3938-832d-fa7cbe1cd1fb,,,,,,,,,,,,,,,,,,,,DWYER HOME,,,7816605000,,,,,,25 STONEHAVEN DRIVE,WEYMOUTH,MA,21903951,,,,
a7b047dd-186a-32de-8187-b0853c05aed6,,,,,,,,,,,,,,,,,,,,COUNTRY CENTER FOR HEALTH & REHABILITATION,,,9784655361,,,,,,180 LOW STREET,NEWBURYPORT,MA,19503519,,,,
c6907774-d9cd-3408-b554-08b135423b40,,,,,,,,,,,,,,,,,,,,SUDBURY PINES EXTENDED CARE FACILITY,,,9784439000,,,,,,642 BOSTON POST RD,SUDBURY,MA,17763302,,,,
f82ff162-c689-3682-876c-220cf96eb97b,,,,,,,,,,,,,,,,,,,,MIDDLESEX FAMILY PRACTICE PC,,,5082708844,,,,,,74 MAIN ST,FRAMINGHAM,MA,17022952,,,,
9d989fcf-4ad9-3972-ada3-f275d967781e,,,,,,,,,,,,,,,,,,,,FALMOUTH HOSPITAL ASSOCIATION INC,,,5084573528,,,,,,100 TER HEUN DR,SANDWICH,MA,25632377,,,,
87472bc2-7c23-37cc-8355-7f3e88614b6b,,,,,,,,,,,,,,,,,,,,EAST LONGMEADOW SKILLED NURSING CENTER,,,4135256361,,,,,,305 MAPLE STREET,EAST LONGMEADOW,MA,10282765,,,,
b69bccdc-5ad3-3ded-a018-3cd8f369c9d2,,,,,,,,,,,,,,,,,,,,CAPE REGENCY REHABILITATION & HEALTH CARE CENTER,,,5087781835,,,,,,120 S MAIN STREET,CENTERVILLE,MA,26323246,,,,
af3871c3-2098-3051-bcb7-8a919e194a16,,,,,,,,,,,,,,,,,,,,HEALTHCARE SOUTH PC,,,7818032786,,,,,,97 LIBBEY PKWY,WEYMOUTH,MA,21893110,,,,
542185c1-943a-30f4-aba0-0efaa92488a4,,,,,,,,,,,,,,,,,,,,EVEREST HEALTH CARE SPECIALISTS PLLC,,,7817772320,,,,,,142 LAKE ST,ARLINGTON,MA,24764738,,,,
f312977e-8f41-3816-84cc-e5b12ba36955,,,,,,,,,,,,,,,,,,,,BRIGHAM AND WOMEN'S FAULKNER HOSPITAL  INC.,,,6179837470,,,,,,1153 CENTRE ST,JAMAICA PLAIN,MA,21303446,,,,
0519b293-2e92-3eb3-aeef-233da0babc93,,,,,,,,,,,,,,,,,,,,PALM SKILLED  NRSING CR & CTR FOR REHAB EXCELLENCE,,,9782563151,,,,,,40 PARKHURST ROAD,CHELMSFORD,MA,18241511,,,,
5c896155-eb9a-383e-9162-a43ebb7f1cc5,,,,,,,,,,,,,,,,,,,,LINDEN PONDS,,,7815347030,,,,,,400 LINDEN PONDS WAY,HINGHAM,MA,20433784,,,,
bebc1dac-6c42-3225-b0ba-23278cdf2a62,,,,,,,,,,,,,,,,,,,,MEMORY SUPPORT OF HERITAGE HALL,,,4137868000,,,,,,464 MAIN STREET,AGAWAM,MA,10011826,,,,
82248deb-13cc-31b2-8764-0233e159a93a,,,,,,,,,,,,,,,,,,,,COMMUNITY HEALTH PROGRAMS INC,,,4137431080,,,,,,19 DEPOT STREET,ADAMS,MA,12201856,,,,
5a6fa8a5-90e2-3f70-bb3e-3d9dd7ad2f96,,,,,,,,,,,,,,,,,,,,CHICOPEE REHABILITATION AND NURSING CENTER LLC,,,7189740266,,,,,,44 NEW LOMBARD RD,CHICOPEE,MA,10204857,,,,
ce4d0501-49eb-396a-bc56-545fdfc624b0,,,,,,,,,,,,,,,,,,,,MARTHA'S VINEYARD HOSPITAL INC,,,5086930410,,,,,,1 HOSPITAL RD,OAK BLUFFS,MA,25571406,,,,
1ef8d603-bec1-35f5-a830-2a0b919cf47f,,,,,,,,,,,,,,,,,,,,SUTTON HILL CENTER,,,9786881212,,,,,,1801 TURNPIKE STREET,NORTH ANDOVER,MA,18456322,,,,
d13ac855-c068-3b57-8d65-fc3c90f32558,,,,,,,,,,,,,,,,,,,,PLEASANT BAY OF BREWSTER REHAB CENTER LLC,,,7812550531,,,,,,383 SOUTH ORLEANS ROAD,BREWSTER,MA,26312870,,,,
06cc2462-430f-3322-9c87-7e971125f510,,,,,,,,,,,,,,,,,,,,EMERSON HOSPITAL,,,9782873226,,,,,,133 OLD ROAD TO 9 ACRE COR,WESTFORD,MA,18863198,,,,
79508e39-d0b0-3613-9d54-168f6e1c3a18,,,,,,,,,,,,,,,,,,,,NASHOBA VALLEY MEDICAL CENTER,,,9787849000,,,,,,200 GROTON ROAD,GROTON,MA,14502056,,,,
922d1031-d968-39c2-b73c-d5a495c39068,,,,,,,,,,,,,,,,,,,,HINGHAM MEDICAL CARE INC,,,7817400400,,,,,,350 LINCOLN ST STE 1102,HINGHAM,MA,20432801,,,,
880fad59-9c38-3a21-a39f-ccc801502ab3,,,,,,,,,,,,,,,,,,,,SANCTA MARIA NURSING FACILITY,,,6178682200,,,,,,799 CONCORD AVENUE,CAMBRIDGE,MA,21381048,,,,
352f2e3b-0708-3eb4-9f7e-e73a685bf379,,,,,,,,,,,,,,,,,,,,MARLBOROUGH HOSPITAL CORP,,,5084815000,,,,,,157 UNION ST,SOUTHBOROUGH,MA,17721215,,,,
2b97893e-dc50-378b-a266-f089b8450329,,,,,,,,,,,,,,,,,,,,HARBOR HEALTH SERVICES INC,,,6172881140,,,,,,250 MOUNT VERNON ST,DORCHESTER,MA,21253120,,,,
3d5fbf38-c781-3e04-8c7e-5a402611b7d4,,,,,,,,,,,,,,,,,,,,DAVIS SQUARE FAMILY PRACTICE,,,6176669577,,,,,,260 ELM ST,SOMERVILLE,MA,21442951,,,,
f43f97f2-af04-3ed0-a42e-3681718cc9b2,,,,,,,,,,,,,,,,,,,,BERKSHIRE MEDICAL CENTER INC,,,4134472000,,,,,,725 NORTH ST,PITTSFIELD,MA,12014109,,,,
e119dcbb-0c33-3ec1-bf97-5f477799e5cb,,,,,,,,,,,,,,,,,,,,312 MILLBURY AVENUE OPERATING COMPANY  LLC,,,5087930088,,,,,,312 MILLBURY AVENUE,MILLBURY,MA,15273622,,,,
7ac466c6-7968-33fd-882c-6d5418f88c8a,,,,,,,,,,,,,,,,,,,,CHELMSFORD PRIMARY CARE LLC,,,9782565522,,,,,,2 MEETING HOUSE RD,CHELMSFORD,MA,18242700,,,,
326bc5bc-8da8-3337-a76a-7d44202dae3d,,,,,,,,,,,,,,,,,,,,ABERJONA NURSING CENTER  INC,,,7817299370,,,,,,184 SWANTON ST,WINCHESTER,MA,18901921,,,,
88975fd9-b47e-3af6-af78-c58e1ecf0d5e,,,,,,,,,,,,,,,,,,,,BAYSTATE NOBLE HOSPITAL CORPORATION,,,4135682811,,,,,,115 W SILVER ST,WESTFIELD,MA,10853628,,,,
52efa2e5-007f-3396-a83a-28ca015f0595,,,,,,,,,,,,,,,,,,,,BAYADA HOME HEALTH CARE INC,,,5088300999,,,,,,20 N PARK AVE STE 2200A,PLYMOUTH,MA,23604090,,,,
edd58f69-ad5f-346b-b1f9-530ccdc895f6,,,,,,,,,,,,,,,,,,,,RISE ABOVE WELLNESS HEALTH SERVICES LLC,,,8572473180,,,,,,52 CARPENTER ST,ATTLEBORO,MA,27032472,,,,
94ac48ba-e215-3ab9-ba88-a0b926d29cef,,,,,,,,,,,,,,,,,,,,MEDFORD REHABILITATION AND NURSING CENTER,,,7813964400,,,,,,300 WINTHROP STREET,MEDFORD,MA,21552311,,,,
0334ad53-5d57-384e-a411-63b075139c06,,,,,,,,,,,,,,,,,,,,SACHEM CENTER FOR HEALTH & REHABILITATION,,,5083787227,,,,,,66 CENTRAL STREET,EAST BRIDGEWATER,MA,23331913,,,,
069b90f9-309b-35e4-b990-d1dbacb962cc,,,,,,,,,,,,,,,,,,,,MONT MARIE REHABILITATION & HEALTHCARE CENTER,,,4135386050,,,,,,36 LOWER WESTFIELD ROAD,HOLYOKE,MA,10402749,,,,
aaa0fec8-a112-35c1-81d8-20cba5d2d00e,,,,,,,,,,,,,,,,,,,,NEW ENGLAND DEACONESS ASSOCIATION,,,9783695151,,,,,,80 DEACONESS RD,CONCORD,MA,17424168,,,,
f438b8e0-d856-328a-b193-2b014fc4cb97,,,,,,,,,,,,,,,,,,,,D'YOUVILLE SENIOR CARE,,,9784545681,,,,,,981 VARNUM AVENUE,LOWELL,MA,18541913,,,,
a2047ff6-62f2-34d7-beb9-7e164d989c75,,,,,,,,,,,,,,,,,,,,RECUPERATIVE SERVICES UNIT-HEBREW REHAB CENTER,,,6173258000,,,,,,1200 CENTRE STREET,ROSLINDALE,MA,21311011,,,,
936ceb96-2b12-371f-aa68-ee02a9c06f4c,,,,,,,,,,,,,,,,,,,,PRIMARY CARE NORTH PC,,,7815959581,,,,,,225 BOSTON ST,LYNN,MA,19043124,,,,
0a8a4b11-d0b8-3cd2-92cd-983de5189cfa,,,,,,,,,,,,,,,,,,,,LIFE CARE CENTER OF THE NORTH SHORE,,,7815929667,,,,,,111 BIRCH STREET,LYNN,MA,19021574,,,,
d3fe08e0-6fdc-36bc-8f88-c8b7654cdcd8,,,,,,,,,,,,,,,,,,,,TRINITY HOSPICE LLC,,,5087918200,,,,,,545 SW CUTOFF STE 9,WORCESTER,MA,16071766,,,,
bea92616-0fee-39b9-9a23-42c6fd899f35,,,,,,,,,,,,,,,,,,,,ERLIN MANOR NURSING HOME INC,,,9788513121,,,,,,10 ERLIN TERRACE,TEWKSBURY,MA,18762666,,,,
7b7ce654-a413-37d1-9d34-97240c0ac580,,,,,,,,,,,,,,,,,,,,WOONSOCKET URGENT CARE PC,,,5083184466,,,,,,1 WRENTHAM ST,BELLINGHAM,MA,20192532,,,,
929528f5-8239-36c7-aacb-39424ede9cc5,,,,,,,,,,,,,,,,,,,,KIMBALL FARMS NURSING CARE CENTER,,,4136375011,,,,,,40 SUNSET AVENUE,LENOX,MA,12402018,,,,
7b20d1c4-c56b-3647-801c-5e4e13679073,,,,,,,,,,,,,,,,,,,,BETH ISRAEL DEACONESS HOSPITAL PLYMOUTH INC,,,5087462000,,,,,,275 SANDWICH ST,PLYMOUTH,MA,23602183,,,,
3e97ce4f-3ad7-3cea-883f-e2bb4ca89d83,,,,,,,,,,,,,,,,,,,,HALLMARK HEALTH URGENT CARE PHYSICIANS LLC,,,7812801699,,,,,,30 NEW CROSSING RD,READING,MA,18673270,,,,
e982819a-87b3-3124-a0f2-85f8afcc7731,,,,,,,,,,,,,,,,,,,,DANVERS FAMILY DOCTORS PC,,,9787626262,,,,,,140 COMMONWEALTH AVE STE 202,DANVERS,MA,19233625,,,,
c60fc3df-9dbd-3f31-a456-41c84490266f,,,,,,,,,,,,,,,,,,,,BOURNE MANOR EXTENDED CARE FACILITY,,,5087598880,,,,,,146 MAC ARTHUR BOULEVARD,BOURNE,MA,25323902,,,,
c0132cf6-1703-3aad-89b4-cc2f2bbc123e,,,,,,,,,,,,,,,,,,,,MARISTHILL NURSING & REHABILITATION CENTER,,,7818930240,,,,,,66 NEWTON STREET,WALTHAM,MA,24536058,,,,
71d9e7fe-5a34-3f11-8edb-f79c482785fe,,,,,,,,,,,,,,,,,,,,EDWARD M KENNEDY COMMUNITY HEALTH CENTER INC,,,8008532288,,,,,,42 CAPE RD,MILFORD,MA,17573292,,,,
4f59f709-8b84-3d27-a04b-c6b7b5544413,,,,,,,,,,,,,,,,,,,,HILLTOWN COMMUNITY HEALTH CENTERS INC,,,4132385511,,,,,,70 BOLTWOOD WALK,AMHERST,MA,10022271,,,,
c4e5b33c-17b8-3f51-a8ba-a327d54e642a,,,,,,,,,,,,,,,,,,,,PRIMARY CARE MEDICINE AND PEDIATRICS  LLC,,,4135621650,,,,,,94 N ELM ST,WESTFIELD,MA,10852917,,,,
5225cc87-6a30-303c-a882-5f001cee7f0e,,,,,,,,,,,,,,,,,,,,MANET COMMUNITY HEALTH CENTER  INC.,,,6173763030,,,,,,110 W SQUANTUM ST,QUINCY,MA,21712122,,,,
79d49935-bcc0-36ca-920b-45365c367438,,,,,,,,,,,,,,,,,,,,SOUTH BOSTON COMMUNITY HEALTH CENTER INC,,,6172697500,,,,,,409 W BROADWAY,SOUTH BOSTON,MA,21272245,,,,
cc400ddc-c38d-3604-8d89-cea21555719f,,,,,,,,,,,,,,,,,,,,NEEDHAM FAMILY PRACTICE ASSOC. P.C.,,,7814445515,,,,,,87 CHESTNUT ST,NATICK,MA,17603644,,,,
c6b019eb-28ec-36f6-abf3-bcc4d1d58966,,,,,,,,,,,,,,,,,,,,DUTTON FAMILY CARE ASSOCIATES LLP,,,7812450402,,,,,,33 AVON ST,WAKEFIELD,MA,18802310,,,,
06376cbe-4880-384b-b459-7ce3eef36ced,,,,,,,,,,,,,,,,,,,,HEALTHFIRST FAMILY CARE CENTER INC,,,5086798111,,,,,,387 QUARRY ST,FALL RIVER,MA,27231026,,,,
6afea80b-1e56-3487-a326-f4a979f92c28,,,,,,,,,,,,,,,,,,,,CAPE COD FAMILY PRACTICE & SPORTS MEDICINE PC,,,5085393353,,,,,,34 BATES RD,MASHPEE,MA,26493280,,,,
2836d9ac-c6a6-39d1-8f13-fdf0fc8928f4,,,,,,,,,,,,,,,,,,,,TEWKSBURY HOSPITAL,,,9788517321,,,,,,365 EAST ST,TEWKSBURY,MA,18761950,,,,
a2f8d8fe-665e-390f-8b9b-efdc0b14a77c,,,,,,,,,,,,,,,,,,,,LOWELL COMMUNITY HEALTH CENTER,,,9783228590,,,,,,161 JACKSON ST,LOWELL,MA,18522103,,,,
82c72223-f521-3a34-9b9b-4ff366365399,,,,,,,,,,,,,,,,,,,,CARNEY HOSPITAL,,,6175062000,,,,,,2100 DORCHESTER AVENUE,QUINCY,MA,21691870,,,,
b5e6f1bd-c744-3556-9775-5ff8399eea33,,,,,,,,,,,,,,,,,,,,CONCORD INTERNAL MEDICINE ASSOCIATES  P.C.,,,9783695575,,,,,,2284 MAIN ST,CONCORD,MA,17423829,,,,
04b252db-4231-3cb5-963d-6f096fb4b97c,,,,,,,,,,,,,,,,,,,,DEDHAM MEDICAL ASSOCIATES URGENT CARE CENTER LLC,,,7813291400,,,,,,1177 PROVIDENCE HIGHWAY,NORWOOD,MA,20625019,,,,
a94f4f6e-88ad-39ff-a935-dc87f13327b1,,,,,,,,,,,,,,,,,,,,LIFE CARE CENTER OF LEOMINSTER,,,9785370771,,,,,,370 WEST STREET,LEOMINSTER,MA,14532073,,,,
e2eab39c-5195-34aa-b35f-e89e37cfed01,,,,,,,,,,,,,,,,,,,,SOUTH SHORE HOSPITAL INC.,,,7813408000,,,,,,55 FOGG ROAD,WEYMOUTH,MA,21893141,,,,
21989e2e-249c-3b79-acf0-240211e16b4b,,,,,,,,,,,,,,,,,,,,WHITTIER STREET NEIGHBORHOOD HEALTH CENTER,,,6174271000,,,,,,1290 TREMONT ST,ROXBURY,MA,21203432,,,,
a977feef-f585-3fa8-8deb-7e60fc2cab30,,,,,,,,,,,,,,,,,,,,HORIZON HOME CARE  LLC,,,9788517775,,,,,,2314 MAIN STREET,TEWKSBURY,MA,18763128,,,,
1de7e7d9-9a7a-3a3f-bf4c-b4de450711f2,,,,,,,,,,,,,,,,,,,,CIRCLE HEALTH URGENT CARE LLC,,,9783230302,,,,,,198 LITTLETON RD,WESTFORD,MA,18863429,,,,
f52777bd-7313-3b27-8dd5-cd3f87bd3275,,,,,,,,,,,,,,,,,,,,WALTHAM WESTON INTERNAL MEDICINE ASSOCIATES  P.C.,,,7815476030,,,,,,9 HOPE AVE,WESTWOOD,MA,20902914,,,,
497f39dd-280e-3d58-af5b-c5e3a3a09b10,,,,,,,,,,,,,,,,,,,,CAPE COD HOSPITAL INC,,,5087711800,,,,,,27 PARK ST,HYANNIS,MA,26015230,,,,
0d7fd824-1c7b-3f8b-a662-f6c2005e82e1,,,,,,,,,,,,,,,,,,,,OVERLOOK MASONIC HEALTH CENTER,,,5082487344,,,,,,88 MASONIC HOME ROAD,CHARLTON,MA,15071394,,,,
accb8cdd-6560-3fef-b0a6-f12c3295026a,,,,,,,,,,,,,,,,,,,,LIFE CARE CENTER OF ATTLEBORO,,,5082224182,,,,,,969 PARK STREET,ATTLEBORO,MA,27035115,,,,
792f1ce2-3420-3f91-bd8c-ce680ef4c5d2,,,,,,,,,,,,,,,,,,,,SOUTH SHORE MEDICAL INVESTORS LLC,,,7815451370,,,,,,309 DRIFTWAY,SCITUATE,MA,20661905,,,,
83445caa-116b-3a1e-a75e-8104d321c4c3,,,,,,,,,,,,,,,,,,,,LIGHTHOUSE PRIMARY CARE PC,,,9782760100,,,,,,315 MAIN ST STE 101,NORTH READING,MA,18641326,,,,
1ab2b5f9-cb95-3236-beec-9b9d4a407c61,,,,,,,,,,,,,,,,,,,,BERKSHIRE MEDICAL CENTER INC,,,4134472000,,,,,,725 NORTH ST,PITTSFIELD,MA,12014109,,,,
1214a335-7c67-3a89-8066-6398b0f92717,,,,,,,,,,,,,,,,,,,,BEAR MT PARKWAY LLC,,,6173251688,,,,,,1190 VFW PKWY,WEST ROXBURY,MA,21324208,,,,
41e2a44c-477c-3511-96f9-12c476aa3b6a,,,,,,,,,,,,,,,,,,,,DR SOLOMON CARTER FULLER MENTAL HEALTH CENTER,,,6176268860,,,,,,85 E NEWTON ST,BOSTON,MA,21183553,,,,
6df069d9-5273-32df-bee8-b6a5a20c2ece,,,,,,,,,,,,,,,,,,,,Cape Cod Vet Center,,,508-778-0124 Or 508-778-0124,,,,,,474 West Main Street,Hyannis,MA,2601,,,,
5b0cd0a0-f277-3a66-bee6-d64b5be4a3f5,,,,,,,,,,,,,,,,,,,,BERKSHIRE MEDICAL CENTER INC - 1,,,4134472000,,,,,,725 NORTH ST,PITTSFIELD,MA,12015493,,,,
79a06fd6-9f2b-35e3-9b11-0bc5ff89e17c,,,,,,,,,,,,,,,,,,,,Lynn Community Based Outpatient Clinic (CBOC),,,800-838-6331,,,,,,225 Boston Road  Suite 107,Lynn,MA,1904,,,,
9403b76f-087c-3198-ad40-cc92bb033771,,,,,,,,,,,,,,,,,,,,CONVENIENT HOMECARE SERVICES  INC,,,7817209244,,,,,,329 BOSTON POST RD UNIT A,SUDBURY,MA,17763061,,,,
c1986c0c-f756-3596-8f90-08adacf220fe,,,,,,,,,,,,,,,,,,,,CHESTNUT WOODS REHABILITATION AND HEALTHCARE CTR,,,7812338123,,,,,,73 CHESTNUT STREET,SAUGUS,MA,19061605,,,,
ad2dab07-4f85-3950-baaa-7c7cd2aa770c,,,,,,,,,,,,,,,,,,,,UNIVERSITY OF MA MED CTR-ESRD,,,5088560011,,,,,,55 LAKE AVENUE NORTH,WORCESTER,MA,16550002,,,,
67d2f85b-ddc7-3ed0-b90b-6fa5b7b8358a,,,,,,,,,,,,,,,,,,,,CHARLES RIVER COMMUNITY HEALTH  INC,,,6177830500,,,,,,43 FOUNDRY AVE,WALTHAM,MA,24538313,,,,
0d9b0d22-585e-3fd8-ab02-26b5be7915d1,,,,,,,,,,,,,,,,,,,,THE SHRINERS HOSPITAL FOR CHILDREN,,,4137872000,,,,,,516 CAREW ST,SPRINGFIELD,MA,11042330,,,,
d3335d07-2a2c-35d7-9b87-c022393b6793,,,,,,,,,,,,,,,,,,,,VICTORIA HAVEN NURSING FACILITY,,,7817620858,,,,,,137 NICHOLS STREET,NORWOOD,MA,20622009,,,,
1853aeef-5897-326a-80d6-aa4b0459eb6d,,,,,,,,,,,,,,,,,,,,BARRINGTON URGENT CARE PC,,,4014337550,,,,,,381 WICKENDEN ST,ATTLEBORO,MA,27032247,,,,
01bb7b5c-f850-3c4e-a3f1-442d8273559a,,,,,,,,,,,,,,,,,,,,NORTHAMPTON WELLNESS ASSOCIATES LLC,,,4135847787,,,,,,395 PLEASANT ST,NORTHAMPTON,MA,10603914,,,,
22fa6d28-92b6-3446-a388-f5aba50debaf,,,,,,,,,,,,,,,,,,,,CHELSEA JEWISH VISITING NURSE AGENCY,,,6178870826,,,,,,123 CAPTAIN'S ROW,CHELSEA,MA,21504019,,,,
2ca615f3-87f7-3283-a447-d919a883b676,,,,,,,,,,,,,,,,,,,,HANOVER FAMILY HEALTH & URGENT CARE PC,,,7818290895,,,,,,1399 WASHINGTON ST,HANOVER,MA,23391653,,,,
94c70730-f430-3878-972c-d06d65cfce1d,,,,,,,,,,,,,,,,,,,,COMMUNITY HEALTH PROGRAMS INC,,,4136644088,,,,,,71 HOSPITAL AVENUE,NORTH ADAMS,MA,12472504,,,,
7f32dd7d-5c35-3ddb-839b-8fbbb930d412,,,,,,,,,,,,,,,,,,,,ST PATRICK'S MANOR,,,5088798000,,,,,,863 CENTRAL STREET,FRAMINGHAM,MA,17014813,,,,
51d38e67-9350-39b8-bbb3-91cc879ae415,,,,,,,,,,,,,,,,,,,,HIGHLANDS  THE,,,9783434411,,,,,,335 NICHOLS ROAD,FITCHBURG,MA,14201932,,,,
80646050-1c76-3046-bbc8-fd5f0b7c34e6,,,,,,,,,,,,,,,,,,,,COMMUNITY HEALTH CONNECTIONS  INC,,,9788788100,,,,,,140 ARNHOW FARM ROAD,FITCHBURG,MA,14201369,,,,
0a689d33-2b0d-3942-8de8-e28812e91c69,,,,,,,,,,,,,,,,,,,,MEASURED WELLNESS LLC,,,5137482498,,,,,,47 SEAVERNS AVE # 5,BROOKLINE,MA,24463806,,,,
d36eba4a-0dfb-3a26-b9fe-eb74594bbe3c,,,,,,,,,,,,,,,,,,,,PARSONS HILL MA SNF LLC,,,5087914200,,,,,,1350 MAIN ST,WORCESTER,MA,16031550,,,,
3f12ebb4-e03c-3453-88d2-4fc9682383df,,,,,,,,,,,,,,,,,,,,NEW BEDFORD INTERNAL MEDICINE & GERIATRICS  LLC,,,5089845671,,,,,,726 COUNTY ST,NORTH DARTMOUTH,MA,27473603,,,,
477c3c1a-ba1a-3102-8a91-56624ba236e4,,,,,,,,,,,,,,,,,,,,SUDBURY PINES EXTENDED CARE FACILITY,,,6175126625,,,,,,642 BOSTON POST RD,SUDBURY,MA,17763302,,,,
8ec2ca51-abb4-35dd-b90f-6c6aad6d2124,,,,,,,,,,,,,,,,,,,,ALLIANCE HEALTH AT ROSEWOOD,,,9785358700,,,,,,22 JOHNSON STREET,PEABODY,MA,19602311,,,,
8af3b144-0e1a-3c90-937d-81a4ed026080,,,,,,,,,,,,,,,,,,,,NORWOOD HOSPITAL,,,7817694000,,,,,,800 WASHINGTON STREET,NORWOOD,MA,20623489,,,,
a35fd733-dc1a-33f0-a308-292ff5581287,,,,,,,,,,,,,,,,,,,,PIONEER VALLEY INTERNAL MEDICINE  PC,,,4135842333,,,,,,15 STRAW AVE,FLORENCE,MA,10621491,,,,
125eccb3-d003-34ea-9bd8-360dff059782,,,,,,,,,,,,,,,,,,,,NEW ENGLAND BAPTIST HOSPITAL,,,6177545800,,,,,,125 PARKER HILL AVENUE,DEDHAM,MA,20266146,,,,
c5742266-625d-3824-9ed3-4b5c6bc3e296,,,,,,,,,,,,,,,,,,,,SPECTRUM HEALTHCARE PARTNERS PA,,,2076622571,,,,,,22 BRAMHALL ST,SCITUATE,MA,20664312,,,,
b242f971-3c74-3778-b148-81366c1e6a3f,,,,,,,,,,,,,,,,,,,,WALDEN BEHAVIORAL CARE LLC,,,7816476700,,,,,,10 CAREMATRIX DR,DEDHAM,MA,20266149,,,,
a8a4e435-687f-3ecb-9af8-09b4636d1a1a,,,,,,,,,,,,,,,,,,,,CAPE COD FREE CLINIC AND COMMUNITY HLTH CTR,,,5084777090,,,,,,107 COMMERCIAL ST,MASHPEE,MA,26496507,,,,
e92dad8b-f485-315a-8fc4-1d7adfdc9c00,,,,,,,,,,,,,,,,,,,,NORTHEAST BEHAVIORAL HEALTH LLC,,,5082079800,,,,,,581 FAUNCE CORNER RD,DARTMOUTH,MA,27471242,,,,
aad05540-c9cb-3805-b3c4-f9b9d9b42b2e,,,,,,,,,,,,,,,,,,,,RIVER'S EDGE PRIMARY CARE LLC,,,4136956774,,,,,,821 E MAIN ST STE 3,CHICOPEE,MA,10206306,,,,
2e73956a-942f-36f3-b88c-f88e782e578f,,,,,,,,,,,,,,,,,,,,COMPASSUS - SOUTHERN MASSACHUSETTS,,,9787778222,,,,,,790 TURNPIKE STREET  SUITE 202,NORTH ANDOVER,MA,18456138,,,,
19a3afba-b409-3650-a0ab-f3faf6e391ef,,,,,,,,,,,,,,,,,,,,ASSOCIATED PHYSICIANS OF HARVARD MEDICAL FACULTY PHYSICIANS AT BETH IS,,,6176964600,,,,,,199 REEDSDALE RD,WALTHAM,MA,24511433,,,,
0e9d0119-1157-35a0-8bb5-7e0aa3041928,,,,,,,,,,,,,,,,,,,,CARING HEALTH CENTER  INC,,,4136931007,,,,,,1049 MAIN STREET,SPRINGFIELD,MA,11032114,,,,
76b7dbb5-0a02-32a4-9a01-3511f7e45016,,,,,,,,,,,,,,,,,,,,CARDIGAN NURSING & REHABILITATION CENTER,,,7815459477,,,,,,59 COUNTRY WAY,SCITUATE,MA,20663746,,,,
25c85bcc-7e25-36bc-89e8-08e0d473db23,,,,,,,,,,,,,,,,,,,,A&A HEALTHCARE LLC,,,5082414877,,,,,,138 S MAIN ST STE 14,MILFORD,MA,17573272,,,,
f692f508-aa5e-3060-b98a-23165e5aa12f,,,,,,,,,,,,,,,,,,,,ENCOMPASS HEALTH HOME HEALTH,,,9783884500,,,,,,35 NEW ENGLAND BUSINESS CENTER DR STE 207,NORWOOD,MA,20624692,,,,
e68de1a0-767e-3466-b9a6-43948ee073d3,,,,,,,,,,,,,,,,,,,,GOOD SHEPHERD COMMUNITY CARE,,,6179696130,,,,,,160 WELLS AVENUE,NEWTON,MA,24593302,,,,
2fb77691-5353-358a-bc94-90af77dd654b,,,,,,,,,,,,,,,,,,,,NASHOBA VALLEY MEDICAL CENTER  A STEWARD FAMILY HOSPITAL INC,,,9787849000,,,,,,200 GROTON RD,AYER,MA,14321168,,,,
ede8251b-e165-3ef6-b8a0-305217ba8e88,,,,,,,,,,,,,,,,,,,,SUBURBAN INTERNAL MEDICINE  INC.,,,4132430122,,,,,,710 STOCKBRIDGE RD,LEE,MA,12389316,,,,
cbebae9e-f95e-3d2c-9712-289ea8d6aeec,,,,,,,,,,,,,,,,,,,,ARBOUR HOSPITAL  THE,,,6175224400,,,,,,49 ROBINWOOD AVENUE,QUINCY,MA,21698130,,,,
1cec4304-9757-3a10-ad4f-7e2090c56131,,,,,,,,,,,,,,,,,,,,UMASS MEMORIAL MEDICAL CENTER INC,,,5083340254,,,,,,55 LAKE AVE N,WORCESTER,MA,16550002,,,,
411f14a5-de79-3e08-81d6-301270cc2275,,,,,,,,,,,,,,,,,,,,RHEUMATOLOGY AND INTERNAL MEDICINE ASSOCIATES PC,,,9786641606,,,,,,64 CONCORD STREET,WILMINGTON,MA,18872179,,,,
a5577e5c-b886-37a0-8eee-8ff6feb7ea6b,,,,,,,,,,,,,,,,,,,,MOUNT AUBURN HOSPITAL,,,6174923500,,,,,,330 MOUNT AUBURN ST,CAMBRIDGE,MA,21385502,,,,
7dcab1ad-0e13-3700-9eb0-70767c5e2b55,,,,,,,,,,,,,,,,,,,,URGENT CARE PHYSICIANS PC,,,4137839114,,,,,,1515 ALLEN ST,SPRINGFIELD,MA,11181803,,,,
9485907a-9f9c-3c19-a424-b402ee8f99c2,,,,,,,,,,,,,,,,,,,,ST FRANCIS REHABILITATION & NURSING CENTER,,,5087558605,,,,,,101 PLANTATION STREET,WORCESTER,MA,16043025,,,,
1494b446-f1aa-3752-8d9c-8eb801059e77,,,,,,,,,,,,,,,,,,,,OVERBOARD HEALTH CARE LLC,,,5083456313,,,,,,439 COLUMBIA RD,HANOVER,MA,23392393,,,,
9b8a7a25-b923-3710-9f3c-d42919a3f54f,,,,,,,,,,,,,,,,,,,,COMPASSIONATE CARE INTERNAL MEDICINE  LLC,,,9788230023,,,,,,146 MAIN ST,MAYNARD,MA,17542651,,,,
966245ce-e84d-36b0-a838-2e0b5bb2e668,,,,,,,,,,,,,,,,,,,,MATTAPAN COMMUNITY HEALTH CENTER,,,6172960061,,,,,,1425 BLUE HILL AVENUE,MATTAPAN,MA,21262122,,,,
9dbd44ba-59b2-3d1d-ac91-3880af8081d2,,,,,,,,,,,,,,,,,,,,INTEGRATIVE FAMILY MEDICINE ASSOCIATES,,,9786351800,,,,,,529 MAIN ST STE B,ACTON,MA,17203965,,,,
35eba9db-902f-32e6-b302-0e5ef8fa5c68,,,,,,,,,,,,,,,,,,,,THE NORTHEAST HEALTH GROUP  INC,,,4135625464,,,,,,66 BROAD ST,WESTFIELD,MA,10852927,,,,
4eddfa13-f996-3048-9bbc-541b0a29038a,,,,,,,,,,,,,,,,,,,,STEWARD ST ELIZABETHS MEDICAL CENTER OF BOSTON INC,,,6177893000,,,,,,736 CAMBRIDGE ST,BRIGHTON,MA,21353601,,,,
845fbd9b-2d1c-39a8-8261-28ae40e4fab2,,,,,,,,,,,,,,,,,,,,MILFORD REGIONAL MEDICAL CENTER,,,5084731190,,,,,,14 PROSPECT STREET,UPTON,MA,15681431,,,,
84d5768f-3a21-3da9-aad2-bbf7a3ae2700,,,,,,,,,,,,,,,,,,,,LOWELL FAMILY MEDICAL CARE PC,,,9784530550,,,,,,817 MERRIMACK ST,LOWELL,MA,18543548,,,,
9ce6072b-d039-3cde-8eaf-950211b8ae88,,,,,,,,,,,,,,,,,,,,MIDDLETON FAMILY MEDICINE URGENT CARE  LLC,,,9787742555,,,,,,147 S MAIN ST,MIDDLETON,MA,19492446,,,,
2576629d-4a1a-3a63-8c08-779cbd8ef98b,,,,,,,,,,,,,,,,,,,,ORLEANS MEDICAL CENTER  P.C.,,,5082558825,,,,,,204 MAIN ST,ORLEANS,MA,26533428,,,,
af8566eb-8918-3ec7-ba44-92b6a2cf8097,,,,,,,,,,,,,,,,,,,,NORTH SHORE MEDICAL CENTER INC,,,9787410522,,,,,,81 HIGHLAND AVE,SALEM,MA,19702714,,,,
ecd3b321-0a8a-3ce6-81f0-982dd77fce43,,,,,,,,,,,,,,,,,,,,ANNA JAQUES HOSPITAL SUBACUTE UNIT,,,9784631000,,,,,,25 HIGHLAND AVE,NEWBURYPORT,MA,19503867,,,,
42c13743-f36f-370a-a5ca-3e3c9795e02d,,,,,,,,,,,,,,,,,,,,SENIOR RESIDENTIAL CARE - KINGSTON  INC.,,,7815854100,,,,,,17 CHIPMAN WAY,KINGSTON,MA,23641039,,,,
4f5e8f16-a31b-3071-8556-d7188ede313d,,,,,,,,,,,,,,,,,,,,HOLYOKE MEDICAL CENTER INC,,,4135342805,,,,,,575 BEECH ST,HOLYOKE,MA,10402223,,,,
615416de-5217-3c11-9828-2d4bacd1d9cb,,,,,,,,,,,,,,,,,,,,VISITING NURSE ASSOCIATION OF CAPE COD  INC.,,,5089577710,,,,,,434 ROUTE 134,HYANNIS,MA,26011854,,,,
41f66e18-8eb7-32f2-9371-7df5bf2b8d21,,,,,,,,,,,,,,,,,,,,AMBULATORY EMPLOYEE INDUSTRIAL OCCUPATIONAL AND URGENT HEALTHCARE,,,4133874556,,,,,,170 UNIVERSITY DRIVE,GREENFIELD,MA,13011238,,,,
a25107f7-f4f5-36fc-98e4-f3e1b5875c91,,,,,,,,,,,,,,,,,,,,MASS GENERAL BRIGHAM URGENT CARE LLC,,,6177516205,,,,,,1285 BEACON ST,WOBURN,MA,18012157,,,,
0e6c3ad1-24c1-34cb-bb6d-e8438fa319e2,,,,,,,,,,,,,,,,,,,,URGENT CARE OPERATIONS PC,,,9789222171,,,,,,50 DODGE ST,SWAMPSCOTT,MA,19071300,,,,
3695125c-c052-3ece-898a-2a6448987ae5,,,,,,,,,,,,,,,,,,,,URGENT CARE SPECIALISTS  P.C.,,,4135993800,,,,,,2040 BOSTON RD STE 5,WILBRAHAM,MA,10951380,,,,
05fcf001-ab24-3d7d-85f7-f64942d82738,,,,,,,,,,,,,,,,,,,,ENCOMPASS HEALTH BRAINTREE HOSPITAL OF BRAINTREE,,,7818485353,,,,,,250 POND STREET,FRAMINGHAM,MA,17014592,,,,
8789c07e-d15d-378d-ba2b-d2b49ebb6db4,,,,,,,,,,,,,,,,,,,,NEW ENGLAND MEDICAL CENTER GROUP PRACTICE INC,,,6176365000,,,,,,800 WASHINGTON ST,WOBURN,MA,18011976,,,,
7e6db51f-7c1b-3555-9e1c-6269ba6d704d,,,,,,,,,,,,,,,,,,,,ACCLAIM HOME HEALTH CARE  INC,,,5084596937,,,,,,120 STAFFORD STREET SUITE 206,WORCESTER,MA,16031461,,,,
83769f98-fff3-3535-8781-6ace5957136f,,,,,,,,,,,,,,,,,,,,SOUTHSHORE HEALTH CARE CENTER,,,7818783308,,,,,,115 NORTH AVENUE,ROCKLAND,MA,23702129,,,,
e87cda4c-1ad8-3a9e-b55f-7bfe987610ce,,,,,,,,,,,,,,,,,,,,COMMUNITY HEALTH CONNECTIONS,,,9788788100,,,,,,326 NICHOLS RD,FITCHBURG,MA,14201914,,,,
f68ebf98-ba5b-35af-b2bd-da56cc5b13be,,,,,,,,,,,,,,,,,,,,SERENITY HOSPICE LLC,,,9787712619,,,,,,270 LITTLETON RD STE 22,WESTFORD,MA,18863524,,,,
b8d40f5c-9e4d-3639-89ef-8bf375cb3184,,,,,,,,,,,,,,,,,,,,NEW ENGLAND HOSPICE II LLC,,,7817492900,,,,,,190 OLD DERBY STREET,HINGHAM,MA,20434065,,,,
9adfae03-673d-365d-9052-f705098fa3e4,,,,,,,,,,,,,,,,,,,,THE SHRINERS HOSPITAL FOR CHILDREN,,,1617722300,,,,,,51 BLOSSOM ST,BOSTON,MA,21142699,,,,
25431f9a-00e4-36d8-9810-4125328eec50,,,,,,,,,,,,,,,,,,,,THE GENERAL HOSPITAL CORPORATION,,,6177262000,,,,,,55 FRUIT ST,WALTHAM,MA,2451,,,,
89171335-b9c0-3326-98d6-a837d432b9fd,,,,,,,,,,,,,,,,,,,,WHITTIER REHABILTATION HOSPITAL,,,5088712063,,,,,,150 FLANDERS ROAD,LYNN,MA,19042915,,,,
c1a85a41-6758-3edc-95ec-238b8ac72a40,,,,,,,,,,,,,,,,,,,,FAMILY CARE ASSOCIATES LLC,,,9783527780,,,,,,65 CENTRAL ST,GEORGETOWN,MA,18332112,,,,
74ef654c-1f2a-3495-b4cc-b0be86f575d7,,,,,,,,,,,,,,,,,,,,MULTICULTURAL COMMUNITY SERVICES OF THE PIONEER VALLEY INC.,,,4137827745,,,,,,96 INDUSTRY AVE,SPRINGFIELD,MA,11092050,,,,
4e56c7ec-99e5-3023-8e4f-95ad18a03f06,,,,,,,,,,,,,,,,,,,,UNITED MEDICAL CARE LLC,,,5089715500,,,,,,28 RIVERSIDE DR STE 101,PEMBROKE,MA,23594947,,,,
e2a8b444-9b8f-36ff-84c4-05ee98589482,,,,,,,,,,,,,,,,,,,,WHITLEY WELLNESS LLC,,,3254399799,,,,,,8 SHIPWAY PL # C-8,CHARLESTOWN,MA,21294301,,,,
65dac97b-bb0c-38ae-94bc-bf29ac9687ea,,,,,,,,,,,,,,,,,,,,CRANEVILLE PLACE REHABILITATION & SKILLED  CARE CT,,,4136843212,,,,,,265 MAIN STREET,DALTON,MA,12261614,,,,
05f80ed8-6a7a-3728-8b5c-c5c995c8244a,,,,,,,,,,,,,,,,,,,,VA Boston Healthcare System  Jamaica Plain Campus,,,617-232-9500,,,,,,150 South Huntington Avenue,Jamaica Plain,MA,2130,,,,
121b0ad1-1beb-3caa-9271-3d3f726bb727,,,,,,,,,,,,,,,,,,,,PATRIOT URGENT CARE PROFESSIONALS PC,,,7818946900,,,,,,1030 MAIN STREET,WALTHAM,MA,24517447,,,,
e1892a2c-6dca-3c4c-93b7-0e00a9eb8b61,,,,,,,,,,,,,,,,,,,,PRIMARY & PREVENTIVE CARE  INC.,,,7818263146,,,,,,20 EAST ST,HANOVER,MA,23391638,,,,
9f368e75-397f-3d77-a317-9a005512a4e2,,,,,,,,,,,,,,,,,,,,EASTERN & WESTERN MEDICAL CENTER PC,,,5087923200,,,,,,381 PARK AVE,WORCESTER,MA,16101026,,,,
4d3ec6c2-f6aa-3d7b-adcc-e7107dac8530,,,,,,,,,,,,,,,,,,,,LIFE CARE CENTER OF AUBURN,,,5088324800,,,,,,14 MASONIC CIRCLE,AUBURN,MA,15011341,,,,
95f6c328-96dd-3fb8-a56e-9aad566094b4,,,,,,,,,,,,,,,,,,,,EXCEL HOME CARE SERVICES INC,,,4135832005,,,,,,4 STONY HILL ROAD,WILBRAHAM,MA,10951027,,,,
485ae27b-c5ba-3fd0-9a16-c9eea20be185,,,,,,,,,,,,,,,,,,,,KINDRED  HOSPICE,,,5086720580,,,,,,275 MARTINE STREET  SUITE 202,FALL RIVER,MA,27231518,,,,
47602b5b-f4aa-3c73-aa26-2268ccf7a83c,,,,,,,,,,,,,,,,,,,,HUNT NURSING & REHAB CENTER,,,9787773740,,,,,,90 LINDALL STREET,DANVERS,MA,19232125,,,,
941fb26d-4d24-30af-9c1b-fe0aa8e70cfa,,,,,,,,,,,,,,,,,,,,GREATER LAWRENCE FAMILY HEALTH CENTER INC,,,9789830488,,,,,,1 GENERAL ST,LAWRENCE,MA,18412884,,,,
91808f17-7583-32a3-aa55-23b131b327c7,,,,,,,,,,,,,,,,,,,,SOUTH SHORE CENTER FOR WELLNESS LTD,,,7818788340,,,,,,200 CORDWAINER DR,NORWELL,MA,20611671,,,,
76baa51d-0d0f-359d-a07b-7b999a43d42e,,,,,,,,,,,,,,,,,,,,PATHWAYS HEALTHCARE LLC,,,6174819077,,,,,,101 STATION DR STE 240,WESTWOOD,MA,20902336,,,,
53f086de-2fc7-3d35-92c2-aca4ed944e7f,,,,,,,,,,,,,,,,,,,,LAWRENCE GENERAL HOSPITAL,,,9786834000,,,,,,1 GENERAL ST,LAWRENCE,MA,18412961,,,,
c05d73d0-b348-32ce-9fe5-13a720950f37,,,,,,,,,,,,,,,,,,,,URGENT HELP CHELMSFORD PC,,,9784467515,,,,,,45 DRUM HILL RD,CHELMSFORD,MA,18241503,,,,
d70d47dc-b40c-3a04-8342-35cbfe716409,,,,,,,,,,,,,,,,,,,,SENIOR HEALTHCARE ASSOCIATES INC,,,7816421859,,,,,,83 LITTLEFIELD RD,NEWTON,MA,24593010,,,,
0592d4e5-a0fb-3143-83cd-8e5a6b066a96,,,,,,,,,,,,,,,,,,,,SOUTH SHORE PRIMARY AND URGENT CARE LLC,,,7815610460,,,,,,20 EAST ST,HANOVER,MA,23391638,,,,
7b5bf0fc-c5c0-3f22-980b-fdfff326a9b4,,,,,,,,,,,,,,,,,,,,WOONSOCKET URGENT CARE PC,,,7812550500,,,,,,40 CUMBERLAND AVE,NORTH ATTLEBORO,MA,27604445,,,,
6aae7a31-90df-3455-ad8d-81f8cf2d21e8,,,,,,,,,,,,,,,,,,,,BROCKTON HOSPITAL  INC.,,,5089417000,,,,,,680 CENTRE ST,BROCKTON,MA,23023308,,,,
104079d4-560e-3eb8-9a48-d495835a3997,,,,,,,,,,,,,,,,,,,,HYANNIS FAMILY MEDICAL CARE PC,,,7744701370,,,,,,68 CAMP ST,MASHPEE,MA,26493465,,,,
